{
  "dctx_email": {
    "quota": 536.37,
    "used": 2113.63,
    "timestamp": 1767574412.2372198
  },
  "ljq_email": {
    "quota": 828.06,
    "used": 1722.03,
    "timestamp": 1767574433.6399622
  },
  "zc_email": {
    "quota": 335.56,
    "used": 2201.4,
    "timestamp": 1767574455.4059842
  },
  "zj_email": {
    "quota": 1500.0,
    "used": 0.0,
    "timestamp": 1767574518.6253748
  },
  "fks_email": {
    "quota": 1500.0,
    "used": 0.0,
    "timestamp": 1767574540.7240372
  },
  "dxh_email": {
    "quota": 1500.0,
    "used": 0.0,
    "timestamp": 1767574564.1760304
  },
  "zhb_email": {
    "quota": 1500.0,
    "used": 0.0,
    "timestamp": 1767574586.6799738
  },
  "linuxdo_84404_cookies": {
    "quota": 1072.62,
    "used": 1152.38,
    "timestamp": 1767574462.797393
  },
  "linux_chuang_cookies": {
    "quota": 1933.99,
    "used": 41.01,
    "timestamp": 1767574471.334965
  },
  "linux_bwj_cookies": {
    "quota": 100.04,
    "used": 1849.08,
    "timestamp": 1767574480.0921502
  },
  "linux_devbai_cookies": {
    "quota": 1204.73,
    "used": 745.27,
    "timestamp": 1767574488.1370015
  },
  "linux_Yeahnet_cookies": {
    "quota": 1950.0,
    "used": 0.0,
    "timestamp": 1767574496.8389874
  },
  "AnyRouter主账号_cookies": {
    "quota": 891.52,
    "used": 397.74,
    "timestamp": 1769754745.8848224
  }
}